SNP,Case_Num_C_Allele,Case_Num_T_Allele,Control_Num_C_Allele,Control_Num_T_Allele
snp0,48,2,94,6
snp1,4,46,67,33
snp2,4,46,99,1
snp3,10,40,50,50
snp4,9,41,29,71
snp5,7,43,58,42
snp6,21,29,22,78
snp7,25,25,95,5
snp8,5,45,46,54
snp9,48,2,18,82
snp10,42,8,81,19
snp11,18,32,23,77
snp12,45,5,12,88
snp13,30,20,3,97
snp14,23,27,70,30
snp15,30,20,38,62
snp16,23,27,5,95
snp17,19,31,8,92
snp18,29,21,20,80
snp19,34,16,63,37
snp20,48,2,4,96
snp21,1,49,48,52
snp22,17,33,74,26
snp23,46,4,57,43
snp24,10,40,62,38
snp25,33,17,38,62
snp26,1,49,51,49
snp27,20,30,61,39
snp28,42,8,99,1
snp29,41,9,3,97
snp30,18,32,28,72
snp31,13,37,62,38
snp32,24,26,15,85
snp33,28,22,57,43
snp34,46,4,64,36
snp35,15,35,73,27
snp36,38,12,25,75
snp37,39,11,59,41
snp38,26,24,72,28
snp39,45,5,80,20
snp40,10,40,79,21
snp41,23,27,19,81
snp42,39,11,6,94
snp43,3,47,65,35
snp44,6,44,66,34
snp45,8,42,62,38
snp46,27,23,19,81
snp47,1,49,4,96
snp48,31,19,52,48
snp49,13,37,94,6
snp50,22,28,9,91
snp51,26,24,69,31
snp52,47,3,80,20
snp53,44,6,89,11
snp54,21,29,84,16
snp55,14,36,28,72
snp56,6,44,10,90
snp57,22,28,58,42
snp58,4,46,46,54
snp59,32,18,82,18
snp60,27,23,27,73
snp61,34,16,27,73
snp62,14,36,64,36
snp63,15,35,4,96
snp64,20,30,74,26
snp65,37,13,99,1
snp66,4,46,3,97
snp67,37,13,93,7
snp68,30,20,88,12
snp69,26,24,18,82
snp70,23,27,64,36
snp71,44,6,36,64
snp72,46,4,61,39
snp73,21,29,1,99
snp74,15,35,71,29
snp75,2,48,31,69
snp76,16,34,33,67
snp77,35,15,24,76
snp78,39,11,40,60
snp79,33,17,69,31
snp80,29,21,75,25
snp81,9,41,69,31
snp82,49,1,22,78
snp83,38,12,67,33
snp84,40,10,86,14
snp85,7,43,54,46
snp86,26,24,40,60
snp87,1,49,93,7
snp88,25,25,56,44
snp89,19,31,59,41
snp90,42,8,12,88
snp91,5,45,81,19
snp92,30,20,71,29
snp93,46,4,27,73
snp94,17,33,53,47
snp95,3,47,31,69
snp96,14,36,70,30
snp97,49,1,86,14
snp98,34,16,9,91
snp99,48,2,85,15
snp100,32,18,63,37
snp101,27,23,17,83
snp102,25,25,62,38
snp103,11,39,8,92
snp104,44,6,72,28
snp105,36,14,59,41
snp106,32,18,61,39
snp107,41,9,64,36
snp108,19,31,81,19
snp109,18,32,59,41
snp110,30,20,30,70
snp111,13,37,45,55
snp112,13,37,75,25
snp113,12,38,40,60
snp114,27,23,38,62
snp115,40,10,35,65
snp116,30,20,22,78
snp117,34,16,7,93
snp118,3,47,16,84
snp119,46,4,99,1
snp120,8,42,94,6
snp121,8,42,65,35
snp122,42,8,46,54
snp123,27,23,69,31
snp124,47,3,75,25
snp125,23,27,80,20
snp126,10,40,68,32
snp127,12,38,93,7
snp128,3,47,47,53
snp129,25,25,82,18
snp130,37,13,63,37
snp131,20,30,38,62
snp132,5,45,81,19
snp133,31,19,43,57
snp134,4,46,72,28
snp135,8,42,94,6
snp136,46,4,25,75
snp137,1,49,84,16
snp138,47,3,37,63
snp139,32,18,77,23
snp140,43,7,8,92
snp141,12,38,70,30
snp142,1,49,51,49
snp143,12,38,79,21
snp144,47,3,46,54
snp145,18,32,25,75
snp146,15,35,47,53
snp147,23,27,99,1
snp148,18,32,82,18
snp149,27,23,95,5
snp150,34,16,24,76
snp151,17,33,16,84
snp152,34,16,7,93
snp153,40,10,42,58
snp154,49,1,81,19
snp155,13,37,94,6
snp156,17,33,81,19
snp157,39,11,97,3
snp158,26,24,10,90
snp159,3,47,19,81
snp160,12,38,60,40
snp161,28,22,99,1
snp162,24,26,58,42
snp163,42,8,4,96
snp164,40,10,62,38
snp165,43,7,5,95
snp166,14,36,74,26
snp167,29,21,48,52
snp168,34,16,69,31
snp169,46,4,44,56
snp170,8,42,18,82
snp171,22,28,13,87
snp172,14,36,40,60
snp173,21,29,14,86
snp174,43,7,89,11
snp175,44,6,66,34
snp176,22,28,60,40
snp177,47,3,62,38
snp178,46,4,45,55
snp179,1,49,74,26
snp180,4,46,67,33
snp181,33,17,31,69
snp182,19,31,24,76
snp183,40,10,45,55
snp184,49,1,36,64
snp185,15,35,84,16
snp186,24,26,26,74
snp187,34,16,92,8
snp188,40,10,10,90
snp189,38,12,1,99
snp190,18,32,65,35
snp191,7,43,27,73
snp192,34,16,92,8
snp193,32,18,54,46
snp194,40,10,72,28
snp195,11,39,97,3
snp196,26,24,31,69
snp197,10,40,67,33
snp198,6,44,49,51
snp199,47,3,42,58
snp200,36,14,40,60
snp201,20,30,41,59
snp202,9,41,54,46
snp203,43,7,36,64
snp204,32,18,30,70
snp205,26,24,87,13
snp206,23,27,75,25
snp207,36,14,23,77
snp208,10,40,83,17
snp209,1,49,94,6
snp210,5,45,80,20
snp211,44,6,40,60
snp212,12,38,38,62
snp213,2,48,71,29
snp214,43,7,66,34
snp215,43,7,14,86
snp216,45,5,43,57
snp217,42,8,35,65
snp218,25,25,95,5
snp219,35,15,69,31
snp220,37,13,88,12
snp221,32,18,34,66
snp222,1,49,48,52
snp223,49,1,72,28
snp224,10,40,99,1
snp225,7,43,61,39
snp226,29,21,38,62
snp227,12,38,50,50
snp228,31,19,87,13
snp229,6,44,58,42
snp230,39,11,58,42
snp231,28,22,27,73
snp232,49,1,47,53
snp233,19,31,43,57
snp234,18,32,53,47
snp235,19,31,76,24
snp236,1,49,59,41
snp237,21,29,74,26
snp238,47,3,7,93
snp239,34,16,26,74
snp240,29,21,44,56
snp241,23,27,69,31
snp242,24,26,43,57
snp243,19,31,41,59
snp244,23,27,20,80
snp245,49,1,48,52
snp246,36,14,11,89
snp247,15,35,46,54
snp248,25,25,22,78
snp249,8,42,76,24
snp250,37,13,14,86
snp251,46,4,39,61
snp252,22,28,35,65
snp253,7,43,46,54
snp254,23,27,22,78
snp255,24,26,63,37
snp256,26,24,83,17
snp257,44,6,78,22
snp258,47,3,58,42
snp259,7,43,4,96
snp260,8,42,62,38
snp261,31,19,13,87
snp262,42,8,87,13
snp263,49,1,6,94
snp264,5,45,39,61
snp265,35,15,26,74
snp266,48,2,67,33
snp267,17,33,85,15
snp268,9,41,18,82
snp269,44,6,1,99
snp270,24,26,63,37
snp271,33,17,7,93
snp272,22,28,49,51
snp273,35,15,2,98
snp274,29,21,12,88
snp275,26,24,41,59
snp276,7,43,1,99
snp277,10,40,36,64
snp278,25,25,56,44
snp279,39,11,78,22
snp280,1,49,67,33
snp281,14,36,30,70
snp282,12,38,81,19
snp283,5,45,97,3
snp284,2,48,89,11
snp285,22,28,1,99
snp286,16,34,97,3
snp287,9,41,80,20
snp288,22,28,89,11
snp289,15,35,92,8
snp290,30,20,59,41
snp291,16,34,74,26
snp292,6,44,58,42
snp293,19,31,17,83
snp294,9,41,89,11
snp295,12,38,99,1
snp296,48,2,2,98
snp297,31,19,85,15
snp298,49,1,54,46
snp299,39,11,56,44
snp300,9,41,54,46
snp301,19,31,49,51
snp302,45,5,76,24
snp303,2,48,9,91
snp304,43,7,27,73
snp305,15,35,50,50
snp306,10,40,94,6
snp307,43,7,15,85
snp308,3,47,28,72
snp309,11,39,32,68
snp310,4,46,61,39
snp311,38,12,98,2
snp312,20,30,25,75
snp313,22,28,22,78
snp314,24,26,26,74
snp315,23,27,81,19
snp316,20,30,32,68
snp317,36,14,10,90
snp318,3,47,79,21
snp319,22,28,36,64
snp320,37,13,60,40
snp321,16,34,56,44
snp322,3,47,94,6
snp323,44,6,71,29
snp324,48,2,73,27
snp325,47,3,51,49
snp326,6,44,27,73
snp327,8,42,91,9
snp328,30,20,74,26
snp329,1,49,50,50
snp330,11,39,16,84
snp331,47,3,21,79
snp332,15,35,12,88
snp333,24,26,72,28
snp334,1,49,1,99
snp335,19,31,40,60
snp336,5,45,1,99
snp337,26,24,34,66
snp338,7,43,26,74
snp339,40,10,1,99
snp340,26,24,74,26
snp341,39,11,22,78
snp342,24,26,58,42
snp343,39,11,2,98
snp344,2,48,40,60
snp345,28,22,1,99
snp346,42,8,12,88
snp347,19,31,6,94
snp348,8,42,19,81
snp349,14,36,10,90
snp350,33,17,96,4
snp351,6,44,28,72
snp352,26,24,22,78
snp353,46,4,69,31
snp354,44,6,55,45
snp355,40,10,82,18
snp356,15,35,84,16
snp357,3,47,19,81
snp358,37,13,90,10
snp359,29,21,51,49
snp360,42,8,62,38
snp361,14,36,23,77
snp362,35,15,46,54
snp363,23,27,43,57
snp364,6,44,88,12
snp365,27,23,52,48
snp366,16,34,98,2
snp367,21,29,1,99
snp368,18,32,22,78
snp369,12,38,61,39
snp370,17,33,83,17
snp371,5,45,46,54
snp372,40,10,67,33
snp373,5,45,34,66
snp374,13,37,58,42
snp375,45,5,65,35
snp376,24,26,1,99
snp377,41,9,12,88
snp378,19,31,67,33
snp379,18,32,35,65
snp380,39,11,64,36
snp381,1,49,4,96
snp382,25,25,42,58
snp383,31,19,60,40
snp384,16,34,7,93
snp385,39,11,10,90
snp386,27,23,40,60
snp387,23,27,96,4
snp388,21,29,19,81
snp389,13,37,4,96
snp390,37,13,39,61
snp391,2,48,50,50
snp392,6,44,19,81
snp393,24,26,58,42
snp394,4,46,60,40
snp395,25,25,98,2
snp396,2,48,71,29
snp397,40,10,81,19
snp398,20,30,14,86
snp399,47,3,26,74
snp400,45,5,42,58
snp401,29,21,36,64
snp402,48,2,43,57
snp403,24,26,40,60
snp404,49,1,77,23
snp405,34,16,4,96
snp406,4,46,30,70
snp407,6,44,91,9
snp408,30,20,16,84
snp409,8,42,25,75
snp410,1,49,81,19
snp411,17,33,4,96
snp412,32,18,18,82
snp413,29,21,99,1
snp414,24,26,59,41
snp415,36,14,59,41
snp416,48,2,41,59
snp417,35,15,24,76
snp418,39,11,52,48
snp419,49,1,44,56
snp420,49,1,62,38
snp421,28,22,75,25
snp422,32,18,15,85
snp423,42,8,42,58
snp424,37,13,2,98
snp425,44,6,72,28
snp426,38,12,43,57
snp427,41,9,66,34
snp428,48,2,81,19
snp429,18,32,90,10
snp430,14,36,52,48
snp431,8,42,52,48
snp432,17,33,49,51
snp433,39,11,2,98
snp434,22,28,25,75
snp435,21,29,33,67
snp436,35,15,77,23
snp437,4,46,2,98
snp438,21,29,32,68
snp439,20,30,91,9
snp440,18,32,79,21
snp441,24,26,76,24
snp442,5,45,92,8
snp443,21,29,6,94
snp444,7,43,55,45
snp445,7,43,36,64
snp446,14,36,6,94
snp447,26,24,18,82
snp448,29,21,19,81
snp449,32,18,67,33
snp450,10,40,53,47
snp451,27,23,31,69
snp452,23,27,57,43
snp453,38,12,54,46
snp454,31,19,6,94
snp455,35,15,25,75
snp456,34,16,41,59
snp457,33,17,60,40
snp458,30,20,88,12
snp459,19,31,42,58
snp460,24,26,46,54
snp461,32,18,58,42
snp462,19,31,71,29
snp463,26,24,93,7
snp464,46,4,32,68
snp465,5,45,11,89
snp466,48,2,16,84
snp467,3,47,70,30
snp468,18,32,77,23
snp469,2,48,13,87
snp470,19,31,65,35
snp471,4,46,50,50
snp472,34,16,20,80
snp473,5,45,85,15
snp474,16,34,92,8
snp475,11,39,79,21
snp476,26,24,58,42
snp477,46,4,76,24
snp478,21,29,14,86
snp479,17,33,97,3
snp480,45,5,30,70
snp481,32,18,52,48
snp482,27,23,87,13
snp483,8,42,33,67
snp484,12,38,54,46
snp485,13,37,71,29
snp486,31,19,1,99
snp487,35,15,32,68
snp488,1,49,92,8
snp489,42,8,69,31
snp490,48,2,22,78
snp491,49,1,34,66
snp492,40,10,1,99
snp493,39,11,24,76
snp494,19,31,37,63
snp495,23,27,14,86
snp496,3,47,33,67
snp497,22,28,74,26
snp498,25,25,56,44
snp499,6,44,86,14
snp500,47,3,88,12
snp501,1,49,12,88
snp502,19,31,28,72
snp503,47,3,24,76
snp504,1,49,8,92
snp505,29,21,55,45
snp506,28,22,6,94
snp507,15,35,1,99
snp508,39,11,12,88
snp509,1,49,32,68
snp510,2,48,47,53
snp511,45,5,90,10
snp512,4,46,22,78
snp513,28,22,47,53
snp514,25,25,5,95
snp515,16,34,52,48
snp516,39,11,51,49
snp517,28,22,64,36
snp518,4,46,57,43
snp519,37,13,38,62
snp520,17,33,46,54
snp521,35,15,63,37
snp522,15,35,66,34
snp523,26,24,57,43
snp524,19,31,56,44
snp525,22,28,64,36
snp526,29,21,2,98
snp527,6,44,57,43
snp528,16,34,46,54
snp529,9,41,88,12
snp530,35,15,60,40
snp531,47,3,66,34
snp532,4,46,20,80
snp533,26,24,27,73
snp534,22,28,16,84
snp535,22,28,44,56
snp536,8,42,25,75
snp537,42,8,43,57
snp538,35,15,46,54
snp539,25,25,64,36
snp540,18,32,59,41
snp541,42,8,44,56
snp542,35,15,6,94
snp543,4,46,75,25
snp544,9,41,49,51
snp545,39,11,4,96
snp546,11,39,46,54
snp547,42,8,25,75
snp548,26,24,66,34
snp549,15,35,24,76
snp550,45,5,89,11
snp551,2,48,58,42
snp552,33,17,36,64
snp553,14,36,85,15
snp554,36,14,4,96
snp555,36,14,52,48
snp556,8,42,23,77
snp557,4,46,35,65
snp558,31,19,41,59
snp559,27,23,85,15
snp560,27,23,6,94
snp561,11,39,49,51
snp562,8,42,61,39
snp563,23,27,18,82
snp564,47,3,31,69
snp565,6,44,50,50
snp566,38,12,1,99
snp567,21,29,69,31
snp568,45,5,40,60
snp569,30,20,4,96
snp570,15,35,56,44
snp571,49,1,51,49
snp572,10,40,24,76
snp573,11,39,1,99
snp574,45,5,88,12
snp575,34,16,99,1
snp576,48,2,22,78
snp577,40,10,86,14
snp578,18,32,32,68
snp579,21,29,83,17
snp580,37,13,61,39
snp581,2,48,49,51
snp582,30,20,38,62
snp583,37,13,21,79
snp584,29,21,85,15
snp585,23,27,87,13
snp586,49,1,31,69
snp587,34,16,41,59
snp588,48,2,49,51
snp589,44,6,37,63
snp590,38,12,2,98
snp591,4,46,17,83
snp592,2,48,45,55
snp593,1,49,37,63
snp594,36,14,23,77
snp595,29,21,86,14
snp596,17,33,42,58
snp597,19,31,45,55
snp598,13,37,67,33
snp599,46,4,18,82
snp600,43,7,13,87
snp601,3,47,56,44
snp602,22,28,48,52
snp603,48,2,26,74
snp604,45,5,12,88
snp605,10,40,4,96
snp606,29,21,39,61
snp607,32,18,1,99
snp608,17,33,47,53
snp609,1,49,79,21
snp610,29,21,47,53
snp611,19,31,1,99
snp612,3,47,88,12
snp613,39,11,18,82
snp614,20,30,27,73
snp615,38,12,84,16
snp616,17,33,78,22
snp617,40,10,61,39
snp618,29,21,64,36
snp619,49,1,21,79
snp620,49,1,53,47
snp621,46,4,61,39
snp622,42,8,19,81
snp623,29,21,2,98
snp624,13,37,13,87
snp625,41,9,47,53
snp626,49,1,39,61
snp627,14,36,82,18
snp628,3,47,69,31
snp629,26,24,4,96
snp630,49,1,26,74
snp631,1,49,3,97
snp632,15,35,81,19
snp633,1,49,51,49
snp634,47,3,34,66
snp635,4,46,95,5
snp636,40,10,54,46
snp637,10,40,5,95
snp638,49,1,1,99
snp639,15,35,25,75
snp640,42,8,72,28
snp641,46,4,22,78
snp642,43,7,48,52
snp643,10,40,32,68
snp644,5,45,95,5
snp645,15,35,81,19
snp646,48,2,51,49
snp647,36,14,47,53
snp648,23,27,30,70
snp649,5,45,32,68
snp650,10,40,72,28
snp651,49,1,17,83
snp652,33,17,80,20
snp653,7,43,65,35
snp654,20,30,71,29
snp655,24,26,38,62
snp656,1,49,85,15
snp657,6,44,48,52
snp658,37,13,54,46
snp659,35,15,37,63
snp660,5,45,46,54
snp661,14,36,55,45
snp662,23,27,1,99
snp663,10,40,55,45
snp664,42,8,75,25
snp665,46,4,75,25
snp666,7,43,36,64
snp667,40,10,70,30
snp668,1,49,76,24
snp669,11,39,51,49
snp670,37,13,35,65
snp671,15,35,35,65
snp672,24,26,16,84
snp673,31,19,33,67
snp674,41,9,43,57
snp675,49,1,42,58
snp676,38,12,66,34
snp677,35,15,11,89
snp678,26,24,48,52
snp679,3,47,63,37
snp680,43,7,90,10
snp681,11,39,68,32
snp682,32,18,20,80
snp683,42,8,60,40
snp684,9,41,37,63
snp685,2,48,52,48
snp686,13,37,46,54
snp687,14,36,13,87
snp688,45,5,3,97
snp689,37,13,42,58
snp690,43,7,63,37
snp691,40,10,8,92
snp692,25,25,71,29
snp693,17,33,73,27
snp694,12,38,33,67
snp695,46,4,49,51
snp696,14,36,7,93
snp697,46,4,29,71
snp698,12,38,67,33
snp699,37,13,89,11
snp700,33,17,70,30
snp701,29,21,79,21
snp702,45,5,32,68
snp703,5,45,74,26
snp704,23,27,53,47
snp705,9,41,10,90
snp706,4,46,98,2
snp707,38,12,19,81
snp708,39,11,41,59
snp709,49,1,56,44
snp710,42,8,37,63
snp711,44,6,84,16
snp712,12,38,69,31
snp713,49,1,7,93
snp714,38,12,5,95
snp715,15,35,49,51
snp716,5,45,45,55
snp717,19,31,8,92
snp718,15,35,82,18
snp719,25,25,25,75
snp720,18,32,80,20
snp721,22,28,86,14
snp722,13,37,55,45
snp723,48,2,6,94
snp724,12,38,11,89
snp725,23,27,20,80
snp726,22,28,73,27
snp727,44,6,63,37
snp728,40,10,81,19
snp729,26,24,61,39
snp730,32,18,68,32
snp731,1,49,58,42
snp732,10,40,29,71
snp733,4,46,69,31
snp734,12,38,36,64
snp735,35,15,85,15
snp736,4,46,42,58
snp737,7,43,98,2
snp738,15,35,83,17
snp739,42,8,42,58
snp740,21,29,26,74
snp741,15,35,77,23
snp742,2,48,42,58
snp743,14,36,75,25
snp744,39,11,53,47
snp745,13,37,6,94
snp746,24,26,77,23
snp747,6,44,12,88
snp748,14,36,89,11
snp749,49,1,57,43
snp750,23,27,25,75
snp751,42,8,57,43
snp752,4,46,21,79
snp753,14,36,50,50
snp754,43,7,28,72
snp755,33,17,12,88
snp756,5,45,3,97
snp757,15,35,14,86
snp758,45,5,59,41
snp759,36,14,8,92
snp760,1,49,61,39
snp761,44,6,86,14
snp762,1,49,25,75
snp763,12,38,69,31
snp764,16,34,98,2
snp765,31,19,47,53
snp766,11,39,53,47
snp767,49,1,31,69
snp768,6,44,75,25
snp769,1,49,5,95
snp770,24,26,63,37
snp771,18,32,63,37
snp772,10,40,54,46
snp773,36,14,74,26
snp774,36,14,99,1
snp775,4,46,44,56
snp776,45,5,45,55
snp777,34,16,30,70
snp778,32,18,21,79
snp779,32,18,75,25
snp780,17,33,78,22
snp781,43,7,7,93
snp782,25,25,28,72
snp783,6,44,34,66
snp784,34,16,89,11
snp785,5,45,36,64
snp786,9,41,51,49
snp787,1,49,38,62
snp788,2,48,14,86
snp789,9,41,99,1
snp790,31,19,59,41
snp791,48,2,16,84
snp792,2,48,89,11
snp793,42,8,65,35
snp794,6,44,26,74
snp795,28,22,59,41
snp796,10,40,76,24
snp797,29,21,71,29
snp798,37,13,76,24
snp799,11,39,82,18
snp800,38,12,68,32
snp801,17,33,96,4
snp802,23,27,55,45
snp803,33,17,32,68
snp804,47,3,29,71
snp805,19,31,65,35
snp806,4,46,65,35
snp807,34,16,49,51
snp808,45,5,98,2
snp809,25,25,27,73
snp810,4,46,40,60
snp811,17,33,58,42
snp812,24,26,48,52
snp813,22,28,47,53
snp814,39,11,9,91
snp815,41,9,59,41
snp816,23,27,19,81
snp817,1,49,84,16
snp818,27,23,51,49
snp819,16,34,4,96
snp820,5,45,74,26
snp821,34,16,10,90
snp822,7,43,12,88
snp823,1,49,19,81
snp824,35,15,17,83
snp825,33,17,86,14
snp826,6,44,30,70
snp827,6,44,87,13
snp828,44,6,46,54
snp829,24,26,26,74
snp830,6,44,20,80
snp831,1,49,54,46
snp832,24,26,67,33
snp833,26,24,44,56
snp834,29,21,29,71
snp835,17,33,49,51
snp836,18,32,42,58
snp837,36,14,97,3
snp838,44,6,43,57
snp839,45,5,70,30
snp840,35,15,99,1
snp841,13,37,70,30
snp842,34,16,8,92
snp843,1,49,91,9
snp844,4,46,6,94
snp845,22,28,50,50
snp846,43,7,7,93
snp847,35,15,53,47
snp848,35,15,76,24
snp849,49,1,62,38
snp850,33,17,96,4
snp851,36,14,32,68
snp852,8,42,20,80
snp853,41,9,50,50
snp854,1,49,68,32
snp855,46,4,84,16
snp856,15,35,29,71
snp857,23,27,79,21
snp858,10,40,64,36
snp859,39,11,12,88
snp860,16,34,16,84
snp861,7,43,26,74
snp862,16,34,47,53
snp863,26,24,43,57
snp864,34,16,16,84
snp865,22,28,6,94
snp866,7,43,98,2
snp867,30,20,68,32
snp868,5,45,24,76
snp869,42,8,21,79
snp870,38,12,17,83
snp871,45,5,56,44
snp872,33,17,7,93
snp873,1,49,69,31
snp874,1,49,10,90
snp875,49,1,94,6
snp876,49,1,95,5
snp877,31,19,51,49
snp878,8,42,55,45
snp879,15,35,75,25
snp880,46,4,27,73
snp881,8,42,36,64
snp882,9,41,10,90
snp883,22,28,34,66
snp884,45,5,5,95
snp885,7,43,49,51
snp886,27,23,19,81
snp887,26,24,99,1
snp888,47,3,66,34
snp889,35,15,75,25
snp890,43,7,2,98
snp891,6,44,21,79
snp892,46,4,23,77
snp893,49,1,16,84
snp894,48,2,78,22
snp895,40,10,69,31
snp896,49,1,81,19
snp897,9,41,52,48
snp898,10,40,28,72
snp899,36,14,56,44
snp900,6,44,68,32
snp901,49,1,58,42
snp902,1,49,40,60
snp903,30,20,58,42
snp904,36,14,41,59
snp905,46,4,47,53
snp906,35,15,72,28
snp907,46,4,79,21
snp908,46,4,50,50
snp909,49,1,39,61
snp910,3,47,62,38
snp911,25,25,13,87
snp912,49,1,46,54
snp913,22,28,90,10
snp914,49,1,84,16
snp915,36,14,16,84
snp916,27,23,82,18
snp917,23,27,80,20
snp918,47,3,10,90
snp919,48,2,85,15
snp920,12,38,27,73
snp921,11,39,45,55
snp922,36,14,57,43
snp923,25,25,25,75
snp924,39,11,33,67
snp925,22,28,73,27
snp926,36,14,53,47
snp927,9,41,80,20
snp928,28,22,70,30
snp929,27,23,14,86
snp930,41,9,18,82
snp931,48,2,37,63
snp932,29,21,19,81
snp933,22,28,33,67
snp934,35,15,45,55
snp935,3,47,27,73
snp936,32,18,82,18
snp937,19,31,15,85
snp938,7,43,22,78
snp939,2,48,66,34
snp940,25,25,11,89
snp941,22,28,97,3
snp942,47,3,82,18
snp943,32,18,29,71
snp944,4,46,85,15
snp945,25,25,81,19
snp946,44,6,41,59
snp947,14,36,28,72
snp948,14,36,78,22
snp949,34,16,91,9
snp950,38,12,48,52
snp951,46,4,58,42
snp952,49,1,59,41
snp953,49,1,10,90
snp954,38,12,5,95
snp955,5,45,37,63
snp956,5,45,67,33
snp957,30,20,86,14
snp958,15,35,61,39
snp959,25,25,84,16
snp960,5,45,54,46
snp961,47,3,32,68
snp962,16,34,91,9
snp963,10,40,43,57
snp964,49,1,9,91
snp965,41,9,19,81
snp966,20,30,56,44
snp967,2,48,62,38
snp968,6,44,62,38
snp969,4,46,84,16
snp970,17,33,11,89
snp971,46,4,40,60
snp972,14,36,71,29
snp973,19,31,4,96
snp974,18,32,96,4
snp975,10,40,31,69
snp976,12,38,30,70
snp977,14,36,23,77
snp978,31,19,21,79
snp979,2,48,38,62
snp980,41,9,49,51
snp981,47,3,46,54
snp982,49,1,48,52
snp983,19,31,7,93
snp984,17,33,81,19
snp985,35,15,7,93
snp986,32,18,47,53
snp987,15,35,99,1
snp988,40,10,99,1
snp989,28,22,7,93
snp990,13,37,52,48
snp991,9,41,98,2
snp992,4,46,74,26
snp993,21,29,23,77
snp994,11,39,23,77
snp995,45,5,5,95
snp996,37,13,13,87
snp997,22,28,26,74
snp998,44,6,15,85
snp999,5,45,26,74
